시군명,지점명,도로명주소,지번주소,위도,경도
포천시,포천이동비행장(G231),,경기도 포천시 이동면 장암리 275-1,38.0248731600,127.3671127000
포천시,포천비행장(G217),,경기도 포천시 자작동 360-8,37.8649472800,127.1747220000
포천시,국군포천(일동)병원,,경기도 포천시 화현면 화현리 14-16,37.9154690300,127.3125098000
포천시,포천 종합운동장,경기도 포천시 군내면 호국로 1518,경기도 포천시 군내면 구읍리 691 (종합운동장),37.8882212500,127.2015940000
포천시,포천축구공원,경기도 포천시 신북면 신평로16번길 207-1,경기도 포천시 신북면 만세교리 산6번지,37.9673488700,127.2448664000
포천시,공동체지원센터(보장초등학교),경기도 포천시 창수면 창동로 115,경기도 포천시 창수면 오가리 424번지 학교 운동장,38.0282196400,127.1913078000
하남시,미사리경정공원,경기도 하남시 미사대로 505,경기도 하남시 신장동 281번지,37.5536314600,127.2132471000
하남시,하남육군비행장(G280),,경기도 하남시 초일동 296,37.5373827600,127.1808062000
화성시,롤링힐스 호텔,경기도 화성시 남양읍 시청로 290,경기도 화성시 남양읍 활초리 4-21번지 롤링힐스호텔,37.1900288900,126.8386378000
화성시,제부도헬기장,,경기도 화성시 서신면 제부리190-193,37.1631622000,126.6210420000
화성시,송산 체육공원,,경기도 화성시 송산면 삼존리 130,37.2182391900,126.7308388000
화성시,입파도,,경기도 화성시 우정읍 국화리 산4,37.1020982600,126.5407403000
화성시,장안 남산체육공원,,경기도 화성시 장안면 사랑리 2-4,37.0778683200,126.8342175000
화성시,다람산공원,경기도 화성시 병점중앙로 227,경기도 화성시 진안동 141 일원,37.2159117500,127.0323482000
화성시,화성 남양푸른뜰 체육공원(신규),경기도 화성시 남양읍 시청로45번길 95,경기도 화성시 남양읍 2236,37.2099712100,126.8264501000
화성시,현대자동차 기술연구소,경기도 화성시 남양읍 현대연구소로 150,경기도 화성시 남양읍 장덕리 772-1번지,37.1594006400,126.8135082000
화성시,센트럴파크,,경기도 화성시 반송동 59,37.2037541800,127.0612381000
화성시,비봉습지공원 마사토축구장,,경기도 화성시 비봉면 유포리619,37.2580686500,126.8479410000
화성시,삼성전자화성캠퍼스나노스타디움,경기도 화성시 동탄원천로 214-6,경기도 화성시 석우동 25,37.2120255900,127.0696482000
화성시,국화도,,경기도 화성시 우정읍 국화리 130,37.0608960200,126.5572214000
화성시,화성 기아자동차,경기도 화성시 우정읍 기아자동차로 95,경기도 화성시 우정읍 매향리 966번지,37.0392694700,126.7889762000
화성시,화성종합경기타운(주경기장),경기도 화성시 향남읍 향남로 470,경기도 화성시 향남읍 도이리 668번지 주경기장,37.1374720700,126.9240117000
화성시,서해안고속도로 화성휴게소(목포방향),경기도 화성시 팔탄면 서해안고속도로 301,,37.1459619100,126.8791581000
화성시,도원체육공원,경기도 화성시 향남읍 행정동로 96,,37.1333450000,126.9296952000
가평군,가평 종합운동장,경기도 가평군 가평읍 문화로 131,경기도 가평군 가평읍 대곡리 316,37.8242544800,127.5085221000
가평군,양수발전소운동장,,경기도 가평군 가평읍 복장리 367-1,37.7381613000,127.5086939000
가평군,상면생활체육공원,,경기도 가평군 상면 연하리 220-1,37.8034040900,127.3473777000
가평군,설악체육공원,,경기도 가평군 설악면 선촌리 산34-2,37.6843322000,127.4887498000
가평군,가평 육군비행장(G213),,경기도 가평군 조종면 대보리 442-3,37.8165708600,127.3578093000
가평군,조종생활체육공원,경기도 가평군 조종면 조종희망로26번길 16,경기도 가평군 조종면 현리 420-12번지,37.8184116600,127.3522044000
가평군,북면생활체육공원,경기도 가평군 북면 가화로 999,,37.8843330000,127.5418330000
가평군,청평생활체육공원,경기도 가평군 청평면 경춘로 884-41(청평리339),,37.7413423900,127.4260255000
고양시,도래울고등학교,경기도 고양시 덕양구 도래울1로 67,경기도 고양시 덕양구 도내동 1098번지,37.6285914600,126.8706052000
고양시,56사단 헬기장,경기도 고양시 덕양구 백운길 27-38,경기도 고양시 덕양구 지축동 328,37.6534366800,126.9320409000
고양시,백석축구장,,경기도 고양시 일산동구 백석동 1233,37.6480339500,126.7947323000
고양시,동국대학교병원,경기도 고양시 일산동구 동국로 27,경기도 고양시 일산동구 식사동 814번지,37.6764385200,126.8055631000
고양시,고양어울림누리,경기도 고양시 덕양구 어울림로 33,경기도 고양시 덕양구 성사동 826번지,37.6505947200,126.8347902000
고양시,원능수질복원센터,경기도 고양시 덕양구 신평길 76,경기도 고양시 덕양구 토당동 912번지,37.6225304900,126.7964895000
고양시,고양종합운동장,경기도 고양시 일산서구 중앙로 1601,경기도 고양시 일산서구 대화동 2320번지,37.6746401000,126.7418506000
과천시,과천청사헬기장,,경기도 과천시 중앙동 3,37.4243878300,126.9815298000
과천시,과천고등학교,경기도 과천시 꿈보람길 26,경기도 과천시 별양동 5번지,37.4308283300,126.9970265000
광명시,광일초등학교,경기도 광명시 목감로 34-6,경기도 광명시 광명동 365-38,37.4716201500,126.8469648000
광명시,광명 시민운동장,경기도 광명시 시청로 20,경기도 광명시 철산동 222-1번지,37.4778909500,126.8646669000
광주시,광주시공설운동장,경기도 광주시 파발로 176,경기도 광주시 경안동 123-4번지,37.4149442900,127.2517695000
광주시,청석공원,,경기도 광주시 쌍령동 36,37.4078678900,127.2642204000
광주시,남종면 공설운동장,,경기도 광주시 남종면 분원리 100,37.4964362500,127.3008883000
광주시,오포공설운동장,경기도 광주시 양촌길 89-12,경기도 광주시 매산동 815-5,37.3710329800,127.2423077000
광주시,퇴촌면 공설운동장,,경기도 광주시 퇴촌면 광동리 666-8,37.4727472400,127.3051917000
광주시,동원대학교 운동장,경기도 광주시 곤지암읍 경충대로 26,경기도 광주시 곤지암읍 신촌리 산1-1번지,37.3280809100,127.4014362000
광주시,도척그린공원,경기도 광주시 도척면 도척로 676,경기도 광주시 도척면 유정리 253번지,37.2947442000,127.3277926000
광주시,도수초등학교,경기도 광주시 퇴촌면 도수길 11,경기도 광주시 퇴촌면 도수리 605-1번지,37.4718157200,127.3182607000
구리시,구리한강시민공원,,경기도 구리시 아천동 9-4,37.5671735400,127.1215276000
구리시,왕숙천둔치공원,,경기도 구리시 사노동 141-18,37.6289655700,127.1437073000
군포시,복합생활 스포츠타운(군포국민체육센터),경기도 군포시 군포로 339,경기도 군포시 부곡동 1226,37.3387593800,126.9364766000
김포시,한국타임즈항공(김포에어로피스),경기도 김포시 대곶면 천호로 210,경기도 김포시 대곶면 대벽리 1389번지,37.6160974000,126.5725184000
김포시,해병 통진비행장(N225),경기도 김포시 월곶면 애기봉로 2,경기도 김포시 월곶면 군하리 36-11,37.7155297300,126.5554528000
김포시,김포종합운동장,경기도 김포시 돌문로15번길 20,경기도 김포시 사우동 290번지,37.6183291300,126.7189333000
남양주시,강북아리수정수센터,경기도 남양주시 고산로 171,경기도 남양주시 삼패동 397번지,37.5974231300,127.1886670000
남양주시,남양주시 체육문화 센터,,경기도 남양주시 이패동 726,37.6071751300,127.1745010000
남양주시,중앙119구조본부,,경기도 남양주시 별내동 2190-15,37.6705264000,127.1101188000
남양주시,한강시민공원 수서지구,,경기도 남양주시 수석동 442,37.5860388800,127.1740336000
동두천시,동두천시종합운동장,경기도 동두천시 어등로 45,경기도 동두천시 생연동 70번지 (종합운동장 주경기장 잔디밭),37.9005889000,127.0709196000
부천시,부천대명초등학교,,경기도 부천시 오정동 127-8번지 부천대명초등학교,37.5282557300,126.7973532000
부천시,부천종합운동장,경기도 부천시 소사로 482,경기도 부천시 춘의동 8번지 외 24필지,37.5031637000,126.7960837000
부천시,부명중학교,경기도 부천시 원미구 조마루로 182,경기도 부천시 원미구 중동 1176,37.4985116300,126.7644392000
성남시,분당구청,,경기도 성남시 분당구 수내동 2,37.3819480300,127.1202378000
성남시,새마을 연수원,경기도 성남시 분당구 새마을로 257,경기도 성남시 분당구 율동 200번지,37.3884295400,127.1560951000
성남시,국군 수도병원(C201),,경기도 성남시 분당구 율동 산13-4,37.3943936400,127.1501528000
성남시,성남시의료원,경기도 성남시 수정구 수정로171번길 10,경기도 성남시 수정구 태평동 3309번지,37.4448498700,127.1390489000
성남시,성남종합운동장,경기도 성남시 중원구 제일로 60,경기도 성남시 중원구 성남동 3110번지,37.4317402500,127.1378459000
성남시,탄천종합운동장,경기도 성남시 분당구 탄천로 215,경기도 성남시 분당구 야탑동 486번지,37.4118468000,127.1205621000
수원시,수원 공군 비행장(RKSW),경기도 수원시 권선구 정조로 409,경기도 수원시 권선구 세류동 1145,37.2455460900,127.0137582000
수원시,아주대학교병원,경기도 수원시 영통구 월드컵로 164,경기도 수원시 영통구 원천동 산26-6번지,37.2793433000,127.0463045000
수원시,만석공원내 축구장,경기도 수원시 장안구 정조로 1067,경기도 수원시 장안구 송죽동 316,37.3006368200,127.0042699000
수원시,수원종합운동장(보조운동장),경기도 수원시 장안구 경수대로 893,경기도 수원시 장안구 조원동 775번지 보조경기장,37.2982494600,127.0089116000
수원시,수원월드컵경기장,경기도 수원시 팔달구 월드컵로 310,경기도 수원시 팔달구 우만동 228번지 주경기장,37.2884986100,127.0385780000
수원시,수원종합운동장 야구장,경기도 수원시 장안구 경수대로 893,경기도 수원시 장안구 조원동 775번지,37.2982494600,127.0089116000
수원시,경기도인재개발원 운동장,경기도 수원시 장안구 경수대로 1150,경기도 수원시 장안구 파장동 184번지,37.3157905200,126.9918464000
시흥시,시흥갯골공원,경기도 시흥시 동서로 287,경기도 시흥시 장곡동 724-32번지,37.3897919300,126.7812507000
시흥시,정왕동 체육공원육상경기장,경기도 시흥시 역전로 2,경기도 시흥시 정왕동 2160번지,37.3387595200,126.7555130000
시흥시,시흥 옥구공원,경기도 시흥시 서해안로 277,경기도 시흥시 정왕동 2138,37.3545081600,126.7099211000
안산시,풍도(해군)헬기장,,경기도 안산시 단원구 풍도동 산139,37.1078602700,126.3865411000
안산시,와스타디움,경기도 안산시 단원구 화랑로 260,경기도 안산시 단원구 초지동 666번지,37.3194775400,126.8164903000
안산시,시낭운동장,경기도 안산시 상록구 시낭로 45,경기도 안산시 상록구 부곡동 719-1번지,37.3341089000,126.8553929000
안산시,호수공원,,경기도 안산시 상록구 사동 1513,37.2991080400,126.8278177000
안성시,중앙대학교 축구장(학교 내),경기도 안성시 대덕면 서동대로 4726,경기도 안성시 대덕면 내리 72-1번지,37.0058116300,127.2265577000
안성시,삼죽면 축구장,경기도 안성시 삼죽면 용내길 32,경기도 안성시 삼죽면 용월리 421번지,37.0762139100,127.3782277000
안성시,서운중학교 운동장,경기도 안성시 서운면 바우덕이로 25,경기도 안성시 서운면 인리 67 (바우덕리로 25),36.9448733700,127.2640845000
안성시,안성종합운동장,경기도 안성시 보개면 종합운동장로 162,경기도 안성시 보개면 양복리 210번지,37.0132042700,127.3278454000
안성시,미리내 성지 1주차장,,경기도 안성시 양성면 미산리 88,37.1419476800,127.2589844000
안성시,안성 한경국립대학교(운동장),경기도 안성시 중앙로 327,,37.0109075500,127.2638568000
안양시,안양 비산체육공원(신규),경기도 안양시 동안구 평촌대로 489-29,경기도 안양시 동안구 비산동 21-1,37.4124281400,126.9505922000
안양시,석수체육공원,경기도 안양시 만안구 안양로 595,경기도 안양시 만안구 석수동 251-1번지,37.4222408900,126.9026813000
안양시,평촌중앙공원,경기도 안양시 동안구 관평로 149,경기도 안양시 동안구 평촌동 895번지,37.3901364400,126.9613293000
안양시,병목안시민공원,경기도 안양시 만안구 병목안로 215-1,경기도 안양시 만안구 안양동 산81-1,37.3835008900,126.9100260000
양주시,옥정생활체육공원,,경기도 양주시 고암동 294-1번지,37.8273125400,127.0716395000
양주시,고읍축구장,경기도 양주시 고읍남로 46,경기도 양주시 광사동 714번지,37.7928883800,127.0774834000
양주시,양주 육군비행장(G222),,경기도 양주시 광적면 석우리 64-12,37.8224484100,126.9895138000
양주시,백석생활체육공원,경기도 양주시 백석읍 백은로 185,경기도 양주시 백석읍 오산리 256번지,37.8132885300,126.9833774000
양주시,신천생활체육공원,경기도 양주시 은현면 강변서로 303,경기도 양주시 은현면 하패리 425-15번지,37.8914718200,127.0441833000
양주시,광적생활체육공원,,경기도 양주시 광적면 광석리 183-2,37.8155344800,126.9705152000
양주시,고덕생활체육공원,경기도 양주시 고덕로 187-55,경기도 양주시 덕계동 산132번지,37.8044032500,127.0640361000
양주시,양주국군병원,,경기도 양주시 은현면 용암리 461-5,37.8536523500,127.0429967000
양주시,장흥생활체육공원,경기도 양주시 장흥면 일영로501번길 100-16,경기도 양주시 장흥면 삼상리 482-4,37.6882251400,126.9202635000
양평군,강상체육공원,경기도 양평군 강상면 양평대교길 79,경기도 양평군 강상면 교평리 307 일원,37.4830333700,127.4882771000
양평군,강하생활체육공원,,경기도 양평군 강하면 운심리 55-5,37.4830691300,127.4127866000
양평군,단월레포츠공원,,경기도 양평군 단월면 보룡리 441-1,37.5442148600,127.6710681000
양평군,양동레포츠공원,,경기도 양평군 양동면 쌍학리 45,37.4066490600,127.7557056000
양평군,옥천 레포츠공원,경기도 양평군 옥천면 옥천체육공원길 40,경기도 양평군 옥천면 옥천리 771,37.5218748100,127.4582184000
양평군,지평 레포츠공원,경기도 양평군 지평면 송정길 128,경기도 양평군 지평면 송현리 507번지,37.4899807900,127.6323954000
양평군,개군레포츠공원,,경기도 양평군 개군면 하자포리 425-15,37.4345366900,127.5307780000
양평군,서종문화체육공원,,경기도 양평군 서종면 문호리 924-2,37.5924252300,127.3478522000
양평군,양서문화체육공원,,경기도 양평군 양서면 용담리 624-2,37.5400839900,127.3230998000
양평군,용문생활체육공원,,경기도 양평군 용문면 마룡리 269-2,37.4930020700,127.6060229000
양평군,청운 레포츠공원,,경기도 양평군 청운면 여물리 115,37.5517673500,127.7002640000
여주시,여주제일고등학교,경기도 여주시 가남읍 여주남로 1155-15,경기도 여주시 가남읍 심석리 350-1번지,37.2051757000,127.5555127000
여주시,가남체육공원,경기도 여주시 가남읍 대명산길 98,경기도 여주시 가남읍 태평리 산65-5번지 축구장,37.2016680600,127.5349108000
여주시,강천체육공원,경기도 여주시 강천면 귀안골길 23,경기도 여주시 강천면 간매리 171번지,37.2738872000,127.7052767000
여주시,금사면근린공원,경기도 여주시 금사면 이여로 1278,경기도 여주시 금사면 이포리 401번지,37.3892226600,127.5322750000
여주시,대신체육공원,,경기도 여주시 대신면 보통리 산 36,37.3745656000,127.5810261000
여주시,북내체육공원,,경기도 여주시 북내면 당우리 317-20,37.3358763900,127.6780198000
여주시,능서체육공원,경기도 여주시 세종대왕면 능서공원길 101,경기도 여주시 세종대왕면 신지리 254-2번지 축구장,37.2951448600,127.5857940000
여주시,오학체육공원,경기도 여주시 어영실로 152,"경기도 여주시 오학동 19-4번지 (축구장, 주차장)",37.3138105000,127.6580086000
여주시,흥천체육공원,경기도 여주시 흥천면 효자로 94,경기도 여주시 흥천면 효지리 224번지,37.3306719900,127.5484709000
여주시,산북면체육공원,,경기도 여주시 산북면 후리 288-3,37.4014231000,127.4456496000
여주시,여주 헬기장,,경기도 여주시 연양동 65-5,37.2865238900,127.6772178000
여주시,점동테마공원,경기도 여주시 점동면 점동로 298,경기도 여주시 점동면 사곡리 416-5,37.1994106300,127.6905611000
여주시,영동고속도로 여주휴게소(강릉방향),경기도 여주시 가남읍 여주남로 722,,37.2384995200,127.5702821000
여주시,중부내륙고속도로 서여주휴게소(양평방향),경기도 여주시 세종대왕면 중부내륙 고속도로 272,,37.2795986500,127.5798438000
여주시,여주종합운동장,경기도 여주시 영릉로 123,,37.2932746800,127.6245963000
연천군,연천 공설운동장,경기도 연천군 연천읍 문화로 150,경기도 연천군 연천읍 옥산리 320,38.1071229200,127.0797748000
연천군,은대리성 터,,경기도 연천군 전곡읍 은대리 577,38.0242253200,127.0596669000
연천군,연천5사단 의무대,,경기도 연천군 전곡읍 은대리 423-5,38.0470589800,127.0681947000
오산시,오산천,,경기도 오산시 은계동 88번지 (종합운동장 뒤편 오산천 둔치),37.1582514700,127.0725896000
오산시,오산종합운동장,경기도 오산시 경기동로 15,경기도 오산시 오산동 49번지,37.1568594200,127.0726136000
오산시,죽미다목적운동장,,경기도 오산시 세교동 619,37.1809134900,127.0458692000
용인시,모현레스피아,경기도 용인시 처인구 모현읍 문현로357번길 107,경기도 용인시 처인구 모현읍 일산리 38-22번지,37.3461447000,127.2478376000
용인시,용동중학교,경기도 용인시 처인구 양지면 남곡로 26,경기도 용인시 처인구 양지면 남곡리 164-1번지,37.2315093200,127.2829676000
용인시,아르피아 종합운동장,경기도 용인시 수지구 포은대로 499,경기도 용인시 수지구 죽전동 1003-43번지,37.3258701900,127.1059038000
용인시,백암중학교,경기도 용인시 처인구 백암면 백원로 519-9,경기도 용인시 처인구 백암면 근창리 166,37.1649578100,127.3685792000
용인시,용인 육군비행장(G501),경기도 용인시 처인구 포곡읍 옥현로65번길 268-14,경기도 용인시 처인구 포곡읍 전대리 65-1,37.2835738600,127.2262328000
용인시,용인 미르스타디움(보조경기장),,경기도 용인시 처인구 삼가동 42-1,37.2476703100,127.1639838000
용인시,경부고속도로 기흥 IC,경기도 용인시 기흥구 기흥단지로 7,,37.2220010500,127.1025692000
용인시,용인SK에코플랜트,경기도 용인시 처인구 보개원삼로 1806번길 35,경기도 용인시 처인구 원삼면 독성리 산 133-11,37.1539739600,127.3173575000
의왕시,내손체육공원,경기도 의왕시 내손공원길 39,경기도 의왕시 내손동 666번지,37.3872864900,126.9831857000
의왕시,고천체육공원,경기도 의왕시 오전로 18,경기도 의왕시 왕곡동 270-2번지,37.3461793400,126.9821918000
의왕시,부곡체육공원,경기도 의왕시 부곡공원길 6,경기도 의왕시 월암동 421,37.3146342300,126.9587538000
의정부시,의정부 을지대병원,,경기도 의정부시 금오동 439-39,37.7519311900,127.0507323000
의정부시,경기북부지방경찰청,경기도 의정부시 금오로23번길 22-49,경기도 의정부시 금오동 481번지,37.7574315200,127.0702833000
의정부시,의정부성모병원,경기도 의정부시 천보로 271,경기도 의정부시 금오동 65-1번지,37.7585227100,127.0779287000
의정부시,벨로드롬경기장옆야구장,경기도 의정부시 체육로 90,경기도 의정부시 녹양동 174-1번지,37.7579240700,127.0316023000
이천시,건국대과학스포츠타운,,경기도 이천시 대월면 대대리 110-1,37.2260863700,127.4847129000
이천시,이천 육군비행장(G510),,경기도 이천시 대포동 537,37.2016469900,127.4605990000
이천시,이천마장레포츠공원,,경기도 이천시 마장면 이치리 산73-1,37.2525210400,127.3780262000
이천시,이천시(부발)종합운동장,경기도 이천시 부발읍 중부대로 1696,경기도 이천시 부발읍 무촌리 52번지,37.2857923500,127.4966608000
이천시,장호원 체육공원,경기도 이천시 장호원읍 서동대로8759번길 97-56,경기도 이천시 장호원읍 장호원리 331-2번지,37.1197983400,127.6122177000
이천시,모가중학교,경기도 이천시 모가면 진상미로1385번길 114,경기도 이천시 모가면 진가리 227-1번지,37.1766018800,127.4733806000
이천시,이천 복하천 헬기장,,경기도 이천시 부발읍 신하리 57-9번지 외10필지,37.2665764000,127.4625474000
이천시,경기동부 원예농협 유통센터(이천복숭아연구소),경기도 이천시 장호원읍 서동대로8759번길 117,경기도 이천시 장호원읍 장호원리 332-4,37.1180856100,127.6122377000
이천시,육군특수전사령부,,경기도 이천시 마장면 회억리 산46,37.2673133900,127.3715025000
이천시,육군제7276부대(제7기동군단),,경기도 이천시 장호원 이황리 414-19,37.2737660000,127.3704695000
이천시,SK하이닉스 축구장,경기도 이천시 부발읍 경충대로 2091,,37.2468494500,127.4774503000
파주시,감사교육원,경기도 파주시 광탄면 기산로 207-160,경기도 파주시 광탄면 기산리 산139-14번지,37.7811177100,126.9318177000
파주시,파주스타디움 보조경기장,경기도 파주시 중앙로 160,경기도 파주시 금릉동 186-5,37.7561272100,126.7864964000
파주시,운정건강공원,경기도 파주시 와석순환로172번길 35,경기도 파주시 동패동 1800,37.7154796600,126.7419906000
파주시,김포파주간 고속국도 건설현장,경기도 파주시 방화리길 82-40,,37.7436263600,126.7004406000
평택시,모곡근린공원,경기도 평택시 산단로52번길 21,경기도 평택시 모곡동 444번지,37.0353954300,127.0758365000
평택시,서탄초등학교,경기도 평택시 서탄면 금암2길 121,경기도 평택시 서탄면 금암리 233-1번지,37.1073878200,127.0361338000
평택시,안중레포츠공원(축구장),,경기도 평택시 안중읍 학현리 산92-6,36.9932389300,126.9167673000
평택시,이충레포츠공원,경기도 평택시 장안웃길 149,경기도 평택시 이충동 700번지,37.0660526200,127.0707164000
평택시,진위하수종말처리장,,경기도 평택시 진위면 견산리 342-6,37.1044789700,127.0688392000
평택시,평택서부공설운동장,경기도 평택시 청북읍 서해로 1528-18,경기도 평택시 청북읍 후사리 265-1번지,37.0305474800,126.9432255000
평택시,추팔어린이공원,,경기도 평택시 팽성읍 추팔리 396-2,36.9575008500,127.0779754000
평택시,평택 해경전용부두,,경기도 평택시 포승읍 만호리 706,36.9432982800,126.8579769000
평택시,평택 해군2함대사(N234),,경기도 평택시 포승읍 원정리 1315,36.9974826100,126.8015045000
평택시,평택 삼성전자,,경기도 평택시 고덕동 1696번지,37.0414630000,127.0610850000
평택시,소사벌레포츠타운,경기도 평택시 평남로 616,경기도 평택시 합정동 392번지,36.9883292600,127.1093151000
평택시,평택제천고속도로 평택휴게소(평택방향),경기도 평택시 청북읍 평택제천고속도로 6,,37.0439186800,126.9427077000
평택시,LG전자디지털파크,경기도 평택시 진위면 엘지로 222,,37.1290338200,127.0916202000
포천시,관인하수종말처리장,경기도 포천시 관인면 창동로 1931,경기도 포천시 관인면 탄동리 920번지,38.1623108100,127.2564254000
포천시,소흘생활체육공원,경기도 포천시 소흘읍 태봉로63번길 91,경기도 포천시 소흘읍 이동교리 산1,37.8242633700,127.1255167000
포천시,영북중학교,,경기도 포천시 영북면 운천리 385-1,38.0936402000,127.2776603000

